{
  "metadata": {
    "configurationVersions": [
      7
    ],
    "clusterVersion": "1.272.107.20230809-115236"
  },
  "dashboardMetadata": {
    "name": "Insightify: Incident Analysis and Trend - $1",
    "shared": true,
    "owner": "dynatraceone",
    "preset": true,
    "popularity": 9,
    "hasConsistentColors": false
  },
  "tiles": [
    {
      "name": "Incidents per month",
      "tileType": "DATA_EXPLORER",
      "configured": true,
      "bounds": {
        "top": 1862,
        "left": 0,
        "width": 1558,
        "height": 570
      },
      "tileFilter": {
        "timeframe": "-30d to now"
      },
      "isAutoRefreshDisabled": false,
      "customName": "Data explorer results",
      "queries": [
        {
          "id": "B",
          "spaceAggregation": "AUTO",
          "timeAggregation": "DEFAULT",
          "splitBy": [
            "year",
            "month"
          ],
          "metricSelector": "incidents.seen:splitBy(year,month):sum:auto:sort(dimension(\"month\",descending)):limit(20)",
          "rate": "NONE",
          "enabled": true
        }
      ],
      "visualConfig": {
        "type": "TABLE",
        "global": {
          "hideLegend": false
        },
        "rules": [
          {
            "matcher": "B:",
            "unitTransform": "auto",
            "valueFormat": "auto",
            "properties": {
              "color": "DEFAULT",
              "seriesType": "LINE",
              "alias": "Incidents Seen"
            },
            "seriesOverrides": []
          }
        ],
        "axes": {
          "xAxis": {
            "visible": true
          },
          "yAxes": []
        },
        "heatmapSettings": {
          "yAxis": "VALUE",
          "showLabels": false
        },
        "thresholds": [
          {
            "axisTarget": "LEFT",
            "columnId": "",
            "rules": [
              {
                "color": "#7dc540"
              },
              {
                "color": "#f5d30f"
              },
              {
                "color": "#dc172a"
              }
            ],
            "queryId": "B",
            "visible": true
          }
        ],
        "tableSettings": {
          "isThresholdBackgroundAppliedToCell": false,
          "hiddenColumns": []
        },
        "graphChartSettings": {
          "connectNulls": false
        },
        "honeycombSettings": {
          "showHive": true,
          "showLegend": true,
          "showLabels": false
        }
      },
      "queriesSettings": {
        "resolution": ""
      },
      "metricExpressions": [
        "resolution=Inf&(incidents.seen:splitBy(year,month):sum:auto:sort(dimension(month,descending)):limit(20)):names"
      ]
    },
    {
      "name": "Incident trend per app-team",
      "tileType": "DATA_EXPLORER",
      "configured": true,
      "bounds": {
        "top": 3040,
        "left": 0,
        "width": 1558,
        "height": 1140
      },
      "tileFilter": {
        "timeframe": "-30d to now"
      },
      "isAutoRefreshDisabled": false,
      "customName": "Data explorer results",
      "queries": [
        {
          "id": "B",
          "spaceAggregation": "AUTO",
          "timeAggregation": "DEFAULT",
          "splitBy": [
            "year",
            "month",
            "mgmt_zone"
          ],
          "metricSelector": "incidents.seen:filter(and(or(in(\"dt.entity.custom_device\",entitySelector(\"type(custom_device),entityName.equals(~\"Insightify - $1~\")\"))))):splitBy(year,month,\"mgmt_zone\"):sum:sort(dimension(month,ascending)):limit(50)",
          "rate": "NONE",
          "enabled": true
        }
      ],
      "visualConfig": {
        "type": "TABLE",
        "global": {
          "hideLegend": false
        },
        "rules": [
          {
            "matcher": "B:",
            "unitTransform": "auto",
            "valueFormat": "auto",
            "properties": {
              "color": "DEFAULT",
              "seriesType": "LINE",
              "alias": "Incidents Seen"
            },
            "seriesOverrides": []
          }
        ],
        "axes": {
          "xAxis": {
            "visible": true
          },
          "yAxes": []
        },
        "heatmapSettings": {
          "yAxis": "VALUE",
          "showLabels": false
        },
        "thresholds": [
          {
            "axisTarget": "LEFT",
            "columnId": "",
            "rules": [
              {
                "color": "#7dc540"
              },
              {
                "color": "#f5d30f"
              },
              {
                "color": "#dc172a"
              }
            ],
            "queryId": "B",
            "visible": true
          }
        ],
        "tableSettings": {
          "isThresholdBackgroundAppliedToCell": false,
          "hiddenColumns": []
        },
        "graphChartSettings": {
          "connectNulls": false
        },
        "honeycombSettings": {
          "showHive": true,
          "showLegend": true,
          "showLabels": false
        }
      },
      "queriesSettings": {
        "resolution": ""
      },
      "metricExpressions": [
        "resolution=Inf&(incidents.seen:filter(and(or(in(\"dt.entity.custom_device\",entitySelector(\"type(custom_device),entityName.equals(~\"Insightify - $1~\")\"))))):splitBy(year,month,mgmt_zone):sum:sort(dimension(month,ascending)):limit(50)):names"
      ]
    },
    {
      "name": "Incident type per app-team",
      "tileType": "DATA_EXPLORER",
      "configured": true,
      "bounds": {
        "top": 2470,
        "left": 0,
        "width": 1558,
        "height": 532
      },
      "tileFilter": {
        "timeframe": "-30d to now"
      },
      "isAutoRefreshDisabled": false,
      "customName": "Data explorer results",
      "queries": [
        {
          "id": "A",
          "spaceAggregation": "AUTO",
          "timeAggregation": "DEFAULT",
          "splitBy": [
            "year",
            "month",
            "problem_title",
            "mgmt_zone"
          ],
          "metricSelector": "downtime:filter(and(or(in(\"dt.entity.custom_device\",entitySelector(\"type(custom_device),entityName.equals(~\"Insightify - $1~\")\"))))):sum:splitBy(year,month,problem_title,mgmt_zone):sum:sort(dimension(month,descending)):limit(50)",
          "rate": "NONE",
          "enabled": true
        }
      ],
      "visualConfig": {
        "type": "TABLE",
        "global": {
          "hideLegend": false
        },
        "rules": [
          {
            "matcher": "A:",
            "unitTransform": "auto",
            "valueFormat": "auto",
            "properties": {
              "color": "DEFAULT",
              "seriesType": "LINE",
              "alias": "Downtime (in hours)"
            },
            "seriesOverrides": []
          }
        ],
        "axes": {
          "xAxis": {
            "visible": true
          },
          "yAxes": []
        },
        "heatmapSettings": {
          "yAxis": "VALUE",
          "showLabels": false
        },
        "thresholds": [
          {
            "axisTarget": "LEFT",
            "columnId": "",
            "rules": [
              {
                "color": "#7dc540"
              },
              {
                "color": "#f5d30f"
              },
              {
                "color": "#dc172a"
              }
            ],
            "queryId": "A",
            "visible": true
          }
        ],
        "tableSettings": {
          "isThresholdBackgroundAppliedToCell": false,
          "hiddenColumns": []
        },
        "graphChartSettings": {
          "connectNulls": false
        },
        "honeycombSettings": {
          "showHive": true,
          "showLegend": true,
          "showLabels": false
        }
      },
      "queriesSettings": {
        "resolution": ""
      },
      "metricExpressions": [
        "resolution=Inf&(downtime:filter(and(or(in(\"dt.entity.custom_device\",entitySelector(\"type(custom_device),entityName.equals(~\"Insightify - $1~\")\"))))):sum:splitBy(year,month,problem_title,mgmt_zone):sum:sort(dimension(month,descending)):limit(50)):names"
      ]
    },
    {
      "name": "Incident distribution over the configured period",
      "tileType": "DATA_EXPLORER",
      "configured": true,
      "bounds": {
        "top": 266,
        "left": 0,
        "width": 456,
        "height": 304
      },
      "tileFilter": {
        "timeframe": "-30d to now"
      },
      "isAutoRefreshDisabled": false,
      "customName": "Data explorer results",
      "queries": [
        {
          "id": "B",
          "spaceAggregation": "AUTO",
          "timeAggregation": "DEFAULT",
          "splitBy": [
            "year",
            "month"
          ],
          "metricSelector": "incidents.seen:filter(and(or(in(\"dt.entity.custom_device\",entitySelector(\"type(custom_device),entityName.equals(~\"Insightify - $1~\")\"))))):sum:splitBy(year,month):sort(dimension(month,ascending)):limit(50)",
          "rate": "NONE",
          "enabled": true
        }
      ],
      "visualConfig": {
        "type": "PIE_CHART",
        "global": {
          "hideLegend": false
        },
        "rules": [
          {
            "matcher": "B:",
            "unitTransform": "auto",
            "valueFormat": "auto",
            "properties": {
              "color": "DEFAULT",
              "seriesType": "LINE",
              "alias": "Total Incidents Seen"
            },
            "seriesOverrides": []
          }
        ],
        "axes": {
          "xAxis": {
            "visible": true
          },
          "yAxes": []
        },
        "heatmapSettings": {
          "yAxis": "VALUE"
        },
        "thresholds": [
          {
            "axisTarget": "LEFT",
            "columnId": "",
            "rules": [
              {
                "color": "#7dc540"
              },
              {
                "color": "#f5d30f"
              },
              {
                "color": "#dc172a"
              }
            ],
            "queryId": "B",
            "visible": true
          }
        ],
        "tableSettings": {
          "isThresholdBackgroundAppliedToCell": false,
          "hiddenColumns": []
        },
        "graphChartSettings": {
          "connectNulls": false
        },
        "honeycombSettings": {
          "showHive": true,
          "showLegend": true,
          "showLabels": false
        }
      },
      "queriesSettings": {
        "resolution": ""
      },
      "metricExpressions": [
        "resolution=Inf&(incidents.seen:filter(and(or(in(\"dt.entity.custom_device\",entitySelector(\"type(custom_device),entityName.equals(~\"Insightify - $1~\")\"))))):sum:splitBy(year,month):sort(dimension(month,ascending)):limit(50)):limit(100):names"
      ]
    },
    {
      "name": "Total incidents over configured period",
      "tileType": "DATA_EXPLORER",
      "configured": true,
      "bounds": {
        "top": 38,
        "left": 0,
        "width": 456,
        "height": 190
      },
      "tileFilter": {
        "timeframe": "-30d to now"
      },
      "isAutoRefreshDisabled": false,
      "customName": "Data explorer results",
      "queries": [
        {
          "id": "B",
          "metric": "incidents.seen",
          "spaceAggregation": "SUM",
          "timeAggregation": "DEFAULT",
          "splitBy": [],
          "sortBy": "DESC",
          "filterBy": {
            "filterOperator": "AND",
            "nestedFilters": [
              {
                "filter": "dt.entity.custom_device",
                "filterType": "NAME",
                "filterOperator": "OR",
                "entityAttribute": "entityName",
                "nestedFilters": [],
                "criteria": [
                  {
                    "value": "Insightify - $1",
                    "evaluator": "IN",
                    "matchExactly": true
                  }
                ]
              }
            ],
            "criteria": []
          },
          "limit": 20,
          "rate": "NONE",
          "enabled": true
        }
      ],
      "visualConfig": {
        "type": "SINGLE_VALUE",
        "global": {
          "hideLegend": false
        },
        "rules": [
          {
            "matcher": "B:",
            "unitTransform": "none",
            "valueFormat": "none",
            "properties": {
              "color": "DEFAULT",
              "seriesType": "LINE",
              "alias": "Total Incidents Seen"
            },
            "seriesOverrides": []
          }
        ],
        "axes": {
          "xAxis": {
            "visible": true
          },
          "yAxes": []
        },
        "heatmapSettings": {
          "yAxis": "VALUE"
        },
        "singleValueSettings": {
          "showTrend": false,
          "showSparkLine": false,
          "linkTileColorToThreshold": false
        },
        "thresholds": [
          {
            "axisTarget": "LEFT",
            "columnId": "",
            "rules": [
              {
                "color": "#7dc540"
              },
              {
                "color": "#f5d30f"
              },
              {
                "color": "#dc172a"
              }
            ],
            "queryId": "B",
            "visible": true
          }
        ],
        "tableSettings": {
          "isThresholdBackgroundAppliedToCell": false,
          "hiddenColumns": []
        },
        "graphChartSettings": {
          "connectNulls": false
        },
        "honeycombSettings": {
          "showHive": true,
          "showLegend": true,
          "showLabels": false
        }
      },
      "queriesSettings": {
        "resolution": ""
      },
      "metricExpressions": [
        "resolution=Inf&(incidents.seen:filter(and(or(in(\"dt.entity.custom_device\",entitySelector(\"type(custom_device),entityName.equals(~\"Insightify - $1~\")\"))))):splitBy():sum:sort(value(sum,descending)):limit(20)):limit(100):names"
      ]
    },
    {
      "name": "Total downtime over configured period (in hours)",
      "tileType": "DATA_EXPLORER",
      "configured": true,
      "bounds": {
        "top": 38,
        "left": 494,
        "width": 494,
        "height": 190
      },
      "tileFilter": {
        "timeframe": "-30d to now"
      },
      "isAutoRefreshDisabled": false,
      "customName": "Data explorer results",
      "queries": [
        {
          "id": "B",
          "metric": "downtime",
          "spaceAggregation": "SUM",
          "timeAggregation": "DEFAULT",
          "splitBy": [],
          "sortBy": "DESC",
          "filterBy": {
            "filterOperator": "AND",
            "nestedFilters": [
              {
                "filter": "dt.entity.custom_device",
                "filterType": "NAME",
                "filterOperator": "OR",
                "entityAttribute": "entityName",
                "nestedFilters": [],
                "criteria": [
                  {
                    "value": "Insightify - $1",
                    "evaluator": "IN",
                    "matchExactly": true
                  }
                ]
              }
            ],
            "criteria": []
          },
          "limit": 20,
          "rate": "NONE",
          "enabled": true
        }
      ],
      "visualConfig": {
        "type": "SINGLE_VALUE",
        "global": {
          "hideLegend": false
        },
        "rules": [
          {
            "matcher": "B:",
            "unitTransform": "none",
            "valueFormat": "0,0",
            "properties": {
              "color": "DEFAULT",
              "seriesType": "LINE",
              "alias": "Total Incidents Seen"
            },
            "seriesOverrides": []
          }
        ],
        "axes": {
          "xAxis": {
            "displayName": "",
            "visible": true
          },
          "yAxes": []
        },
        "heatmapSettings": {
          "yAxis": "VALUE"
        },
        "singleValueSettings": {
          "showTrend": false,
          "showSparkLine": false,
          "linkTileColorToThreshold": false
        },
        "thresholds": [
          {
            "axisTarget": "LEFT",
            "columnId": "",
            "rules": [
              {
                "color": "#7dc540"
              },
              {
                "color": "#f5d30f"
              },
              {
                "color": "#dc172a"
              }
            ],
            "queryId": "B",
            "visible": true
          }
        ],
        "tableSettings": {
          "isThresholdBackgroundAppliedToCell": false,
          "hiddenColumns": []
        },
        "graphChartSettings": {
          "connectNulls": false
        },
        "honeycombSettings": {
          "showHive": true,
          "showLegend": true,
          "showLabels": false
        }
      },
      "queriesSettings": {
        "resolution": ""
      },
      "metricExpressions": [
        "resolution=Inf&(downtime:filter(and(or(in(\"dt.entity.custom_device\",entitySelector(\"type(custom_device),entityName.equals(~\"Insightify - $1~\")\"))))):splitBy():sum:sort(value(sum,descending)):limit(20)):limit(100):names"
      ]
    },
    {
      "name": "Downtime distribution over the configured duration (in hours)",
      "tileType": "DATA_EXPLORER",
      "configured": true,
      "bounds": {
        "top": 266,
        "left": 494,
        "width": 494,
        "height": 304
      },
      "tileFilter": {
        "timeframe": "-30d to now"
      },
      "isAutoRefreshDisabled": false,
      "customName": "Data explorer results",
      "queries": [
        {
          "id": "B",
          "spaceAggregation": "AUTO",
          "timeAggregation": "DEFAULT",
          "splitBy": [
            "year",
            "month"
          ],
          "metricSelector": "downtime:filter(and(or(in(\"dt.entity.custom_device\",entitySelector(\"type(custom_device),entityName.equals(~\"Insightify - $1~\")\"))))):sum:splitBy(year,month):sort(dimension(month,ascending)):limit(50)",
          "rate": "NONE",
          "enabled": true
        }
      ],
      "visualConfig": {
        "type": "PIE_CHART",
        "global": {
          "hideLegend": false
        },
        "rules": [
          {
            "matcher": "B:",
            "unitTransform": "auto",
            "valueFormat": "auto",
            "properties": {
              "color": "DEFAULT",
              "seriesType": "LINE",
              "alias": "Total Incidents Seen"
            },
            "seriesOverrides": []
          }
        ],
        "axes": {
          "xAxis": {
            "visible": true
          },
          "yAxes": []
        },
        "heatmapSettings": {
          "yAxis": "VALUE"
        },
        "thresholds": [
          {
            "axisTarget": "LEFT",
            "columnId": "",
            "rules": [
              {
                "color": "#7dc540"
              },
              {
                "color": "#f5d30f"
              },
              {
                "color": "#dc172a"
              }
            ],
            "queryId": "B",
            "visible": true
          }
        ],
        "tableSettings": {
          "isThresholdBackgroundAppliedToCell": false,
          "hiddenColumns": []
        },
        "graphChartSettings": {
          "connectNulls": false
        },
        "honeycombSettings": {
          "showHive": true,
          "showLegend": true,
          "showLabels": false
        }
      },
      "queriesSettings": {
        "resolution": ""
      },
      "metricExpressions": [
        "resolution=Inf&(downtime:filter(and(or(in(\"dt.entity.custom_device\",entitySelector(\"type(custom_device),entityName.equals(~\"Insightify - $1~\")\"))))):sum:splitBy(year,month):sort(dimension(month,ascending)):limit(50)):limit(100):names"
      ]
    },
    {
      "name": "Incidents and Downtime distribution",
      "tileType": "HEADER",
      "configured": true,
      "bounds": {
        "top": 0,
        "left": 0,
        "width": 684,
        "height": 38
      },
      "tileFilter": {},
      "isAutoRefreshDisabled": false
    },
    {
      "name": "Incidents distribution over the configured period",
      "tileType": "DATA_EXPLORER",
      "configured": true,
      "bounds": {
        "top": 38,
        "left": 1026,
        "width": 874,
        "height": 532
      },
      "tileFilter": {
        "timeframe": "-30d to now"
      },
      "isAutoRefreshDisabled": false,
      "customName": "Data explorer results",
      "queries": [
        {
          "id": "B",
          "spaceAggregation": "AUTO",
          "timeAggregation": "DEFAULT",
          "splitBy": [
            "year",
            "month"
          ],
          "metricSelector": "incidents.seen:filter(and(or(in(\"dt.entity.custom_device\",entitySelector(\"type(custom_device),entityName.equals(~\"Insightify - $1~\")\"))))):sum:splitBy(year,month):sort(dimension(month,ascending)):limit(50)",
          "rate": "NONE",
          "enabled": true
        }
      ],
      "visualConfig": {
        "type": "TABLE",
        "global": {
          "hideLegend": false
        },
        "rules": [
          {
            "matcher": "B:",
            "unitTransform": "auto",
            "valueFormat": "auto",
            "properties": {
              "color": "DEFAULT",
              "seriesType": "LINE",
              "alias": "Total Incidents"
            },
            "seriesOverrides": []
          }
        ],
        "axes": {
          "xAxis": {
            "visible": true
          },
          "yAxes": []
        },
        "heatmapSettings": {
          "yAxis": "VALUE"
        },
        "thresholds": [
          {
            "axisTarget": "LEFT",
            "columnId": "",
            "rules": [
              {
                "value": 0,
                "color": "#7dc540"
              },
              {
                "value": 200,
                "color": "#f5d30f"
              },
              {
                "value": 300,
                "color": "#dc172a"
              }
            ],
            "queryId": "B",
            "visible": true
          }
        ],
        "tableSettings": {
          "isThresholdBackgroundAppliedToCell": true,
          "hiddenColumns": []
        },
        "graphChartSettings": {
          "connectNulls": false
        },
        "honeycombSettings": {
          "showHive": true,
          "showLegend": true,
          "showLabels": false
        }
      },
      "queriesSettings": {
        "resolution": ""
      },
      "metricExpressions": [
        "resolution=Inf&(incidents.seen:filter(and(or(in(\"dt.entity.custom_device\",entitySelector(\"type(custom_device),entityName.equals(~\"Insightify - $1~\")\"))))):sum:splitBy(year,month):sort(dimension(month,ascending)):limit(50)):names"
      ]
    },
    {
      "name": "Incident visibility (by defining thresholds)",
      "tileType": "HEADER",
      "configured": true,
      "bounds": {
        "top": 0,
        "left": 1026,
        "width": 494,
        "height": 38
      },
      "tileFilter": {},
      "isAutoRefreshDisabled": false
    },
    {
      "name": "Top 5 app-team with maximum reported incidents",
      "tileType": "DATA_EXPLORER",
      "configured": true,
      "bounds": {
        "top": 646,
        "left": 0,
        "width": 722,
        "height": 304
      },
      "tileFilter": {
        "timeframe": "-30d to now"
      },
      "isAutoRefreshDisabled": false,
      "customName": "Data explorer results",
      "queries": [
        {
          "id": "B",
          "spaceAggregation": "AUTO",
          "timeAggregation": "DEFAULT",
          "splitBy": [
            "year",
            "month",
            "mgmt_zone"
          ],
          "metricSelector": "incidents.seen:filter(and(or(in(\"dt.entity.custom_device\",entitySelector(\"type(custom_device),entityName.equals(~\"Insightify - $1~\")\"))))):splitBy(year,month,\"mgmt_zone\"):sum:sort(value(value,descending)):limit(5)",
          "rate": "NONE",
          "enabled": true
        }
      ],
      "visualConfig": {
        "type": "TOP_LIST",
        "global": {
          "hideLegend": false
        },
        "rules": [
          {
            "matcher": "B:",
            "unitTransform": "auto",
            "valueFormat": "auto",
            "properties": {
              "color": "DEFAULT",
              "seriesType": "LINE",
              "alias": "Incidents Seen"
            },
            "seriesOverrides": []
          }
        ],
        "axes": {
          "xAxis": {
            "visible": true
          },
          "yAxes": []
        },
        "heatmapSettings": {
          "yAxis": "VALUE",
          "showLabels": false
        },
        "thresholds": [
          {
            "axisTarget": "LEFT",
            "columnId": "",
            "rules": [
              {
                "color": "#7dc540"
              },
              {
                "color": "#f5d30f"
              },
              {
                "color": "#dc172a"
              }
            ],
            "queryId": "B",
            "visible": true
          }
        ],
        "tableSettings": {
          "isThresholdBackgroundAppliedToCell": false,
          "hiddenColumns": []
        },
        "graphChartSettings": {
          "connectNulls": false
        },
        "honeycombSettings": {
          "showHive": true,
          "showLegend": true,
          "showLabels": false
        }
      },
      "queriesSettings": {
        "resolution": ""
      },
      "metricExpressions": [
        "resolution=Inf&(incidents.seen:filter(and(or(in(\"dt.entity.custom_device\",entitySelector(\"type(custom_device),entityName.equals(~\"Insightify - $1~\")\"))))):splitBy(year,month,mgmt_zone):sum:sort(value(value,descending)):limit(5)):limit(100):names"
      ]
    },
    {
      "name": "App-teams with maxium reported incidents",
      "tileType": "HEADER",
      "configured": true,
      "bounds": {
        "top": 608,
        "left": 0,
        "width": 570,
        "height": 38
      },
      "tileFilter": {},
      "isAutoRefreshDisabled": false
    },
    {
      "name": "Drill-down into type of incidents for an app-team",
      "tileType": "HEADER",
      "configured": true,
      "bounds": {
        "top": 608,
        "left": 760,
        "width": 608,
        "height": 38
      },
      "tileFilter": {},
      "isAutoRefreshDisabled": false
    },
    {
      "name": "Top 10 teams with maximum downtime",
      "tileType": "DATA_EXPLORER",
      "configured": true,
      "bounds": {
        "top": 1026,
        "left": 0,
        "width": 722,
        "height": 304
      },
      "tileFilter": {
        "timeframe": "-30d to now"
      },
      "isAutoRefreshDisabled": false,
      "customName": "Data explorer results",
      "queries": [
        {
          "id": "A",
          "spaceAggregation": "AUTO",
          "timeAggregation": "DEFAULT",
          "splitBy": [
            "year",
            "month",
            "problem_title",
            "mgmt_zone"
          ],
          "metricSelector": "downtime:filter(and(or(in(\"dt.entity.custom_device\",entitySelector(\"type(custom_device),entityName.equals(~\"Insightify - $1~\")\"))))):sum:splitBy(year,month,problem_title,mgmt_zone):sum:sort(value(sum,descending)):limit(10)",
          "rate": "NONE",
          "enabled": true
        }
      ],
      "visualConfig": {
        "type": "TOP_LIST",
        "global": {
          "hideLegend": false
        },
        "rules": [
          {
            "matcher": "A:",
            "unitTransform": "auto",
            "valueFormat": "auto",
            "properties": {
              "color": "DEFAULT",
              "seriesType": "LINE",
              "alias": "Downtime (in hours)"
            },
            "seriesOverrides": []
          }
        ],
        "axes": {
          "xAxis": {
            "visible": true
          },
          "yAxes": []
        },
        "heatmapSettings": {
          "yAxis": "VALUE",
          "showLabels": false
        },
        "thresholds": [
          {
            "axisTarget": "LEFT",
            "columnId": "",
            "rules": [
              {
                "color": "#7dc540"
              },
              {
                "color": "#f5d30f"
              },
              {
                "color": "#dc172a"
              }
            ],
            "queryId": "A",
            "visible": true
          }
        ],
        "tableSettings": {
          "isThresholdBackgroundAppliedToCell": false,
          "hiddenColumns": []
        },
        "graphChartSettings": {
          "connectNulls": false
        },
        "honeycombSettings": {
          "showHive": true,
          "showLegend": true,
          "showLabels": false
        }
      },
      "queriesSettings": {
        "resolution": ""
      },
      "metricExpressions": [
        "resolution=Inf&(downtime:filter(and(or(in(\"dt.entity.custom_device\",entitySelector(\"type(custom_device),entityName.equals(~\"Insightify - $1~\")\"))))):sum:splitBy(year,month,problem_title,mgmt_zone):sum:sort(value(sum,descending)):limit(10)):limit(100):names"
      ]
    },
    {
      "name": "Maximum downtime as per problem type for a specific month",
      "tileType": "DATA_EXPLORER",
      "configured": true,
      "bounds": {
        "top": 1026,
        "left": 760,
        "width": 798,
        "height": 304
      },
      "tileFilter": {
        "timeframe": "-30d to now"
      },
      "isAutoRefreshDisabled": false,
      "customName": "Data explorer results",
      "queries": [
        {
          "id": "B",
          "spaceAggregation": "AUTO",
          "timeAggregation": "DEFAULT",
          "splitBy": [
            "problem_title"
          ],
          "metricSelector": "downtime:filter(and(or(in(\"dt.entity.custom_device\",entitySelector(\"type(custom_device),entityName.equals(~\"Insightify - $1~\")\"))))):splitBy(problem_title):sum:auto:sort(value(sum,descending)):limit(10)",
          "rate": "NONE",
          "enabled": true
        }
      ],
      "visualConfig": {
        "type": "TOP_LIST",
        "global": {
          "hideLegend": false
        },
        "rules": [
          {
            "matcher": "B:",
            "unitTransform": "auto",
            "valueFormat": "auto",
            "properties": {
              "color": "RED",
              "seriesType": "LINE",
              "alias": "Incidents Seen"
            },
            "seriesOverrides": []
          }
        ],
        "axes": {
          "xAxis": {
            "displayName": "",
            "visible": true
          },
          "yAxes": []
        },
        "heatmapSettings": {
          "yAxis": "VALUE"
        },
        "thresholds": [
          {
            "axisTarget": "LEFT",
            "columnId": "",
            "rules": [
              {
                "color": "#7dc540"
              },
              {
                "color": "#f5d30f"
              },
              {
                "color": "#dc172a"
              }
            ],
            "queryId": "B",
            "visible": true
          }
        ],
        "tableSettings": {
          "isThresholdBackgroundAppliedToCell": false,
          "hiddenColumns": []
        },
        "graphChartSettings": {
          "connectNulls": false
        },
        "honeycombSettings": {
          "showHive": true,
          "showLegend": true,
          "showLabels": false
        }
      },
      "queriesSettings": {
        "resolution": ""
      },
      "metricExpressions": [
        "resolution=Inf&(downtime:filter(and(or(in(\"dt.entity.custom_device\",entitySelector(\"type(custom_device),entityName.equals(~\"Insightify - $1~\")\"))))):splitBy(problem_title):sum:auto:sort(value(sum,descending)):limit(10)):limit(100):names"
      ]
    },
    {
      "name": "App-teams with maxmium downtime",
      "tileType": "HEADER",
      "configured": true,
      "bounds": {
        "top": 988,
        "left": 0,
        "width": 570,
        "height": 38
      },
      "tileFilter": {},
      "isAutoRefreshDisabled": false
    },
    {
      "name": "Top incidents for an app-team for a specific month",
      "tileType": "DATA_EXPLORER",
      "configured": true,
      "bounds": {
        "top": 646,
        "left": 760,
        "width": 798,
        "height": 304
      },
      "tileFilter": {
        "timeframe": "-30d to now"
      },
      "isAutoRefreshDisabled": false,
      "customName": "Data explorer results",
      "queries": [
        {
          "id": "B",
          "metric": "incidents.seen",
          "spaceAggregation": "SUM",
          "timeAggregation": "DEFAULT",
          "splitBy": [
            "problem_title"
          ],
          "sortBy": "DESC",
          "sortByDimension": "",
          "filterBy": {
            "filterOperator": "AND",
            "nestedFilters": [
              {
                "filter": "dt.entity.custom_device",
                "filterType": "NAME",
                "filterOperator": "OR",
                "entityAttribute": "entityName",
                "nestedFilters": [],
                "criteria": [
                  {
                    "value": "Insightify - $1",
                    "evaluator": "IN",
                    "matchExactly": true
                  }
                ]
              }
            ],
            "criteria": []
          },
          "limit": 20,
          "rate": "NONE",
          "enabled": true
        }
      ],
      "visualConfig": {
        "type": "TOP_LIST",
        "global": {
          "hideLegend": false
        },
        "rules": [
          {
            "matcher": "B:",
            "unitTransform": "auto",
            "valueFormat": "auto",
            "properties": {
              "color": "TURQUOISE",
              "seriesType": "LINE",
              "alias": "Incidents Seen"
            },
            "seriesOverrides": []
          }
        ],
        "axes": {
          "xAxis": {
            "visible": true
          },
          "yAxes": []
        },
        "heatmapSettings": {
          "yAxis": "VALUE",
          "showLabels": false
        },
        "thresholds": [
          {
            "axisTarget": "LEFT",
            "columnId": "",
            "rules": [
              {
                "color": "#7dc540"
              },
              {
                "color": "#f5d30f"
              },
              {
                "color": "#dc172a"
              }
            ],
            "queryId": "B",
            "visible": true
          }
        ],
        "tableSettings": {
          "isThresholdBackgroundAppliedToCell": false,
          "hiddenColumns": []
        },
        "graphChartSettings": {
          "connectNulls": false
        },
        "honeycombSettings": {
          "showHive": true,
          "showLegend": true,
          "showLabels": false
        }
      },
      "queriesSettings": {
        "resolution": ""
      },
      "metricExpressions": [
        "resolution=Inf&(incidents.seen:filter(and(or(in(\"dt.entity.custom_device\",entitySelector(\"type(custom_device),entityName.equals(~\"Insightify - $1~\")\"))))):splitBy(problem_title):sum:sort(value(sum,descending)):limit(20)):limit(100):names"
      ]
    },
    {
      "name": "Incident trend for the tenant",
      "tileType": "DATA_EXPLORER",
      "configured": true,
      "bounds": {
        "top": 1406,
        "left": 0,
        "width": 1558,
        "height": 418
      },
      "tileFilter": {
        "timeframe": "-30d to now"
      },
      "isAutoRefreshDisabled": false,
      "customName": "Data explorer results",
      "queries": [
        {
          "id": "B",
          "spaceAggregation": "AUTO",
          "timeAggregation": "DEFAULT",
          "splitBy": [
            "year",
            "month"
          ],
          "metricSelector": "incidents.seen:filter(and(or(in(\"dt.entity.custom_device\",entitySelector(\"type(custom_device),entityName.equals(~\"Insightify - $1~\")\"))))):sum:splitBy(year,month):sort(dimension(month,ascending)):limit(50)",
          "rate": "NONE",
          "enabled": true
        },
        {
          "id": "C",
          "spaceAggregation": "AUTO",
          "timeAggregation": "DEFAULT",
          "splitBy": [
            "year",
            "month"
          ],
          "metricSelector": "downtime:filter(and(or(in(\"dt.entity.custom_device\",entitySelector(\"type(custom_device),entityName.equals(~\"Insightify - $1~\")\"))))):sum:splitBy(year,month):sort(dimension(month,ascending)):limit(50)",
          "rate": "NONE",
          "enabled": true
        }
      ],
      "visualConfig": {
        "type": "TABLE",
        "global": {
          "hideLegend": false
        },
        "rules": [
          {
            "matcher": "B:",
            "unitTransform": "auto",
            "valueFormat": "auto",
            "properties": {
              "color": "DEFAULT",
              "seriesType": "LINE",
              "alias": "Total Incidents Seen"
            },
            "seriesOverrides": []
          },
          {
            "matcher": "C:",
            "unitTransform": "auto",
            "valueFormat": "auto",
            "properties": {
              "color": "DEFAULT",
              "seriesType": "LINE",
              "alias": "Total Downtime (hrs)"
            },
            "seriesOverrides": []
          }
        ],
        "axes": {
          "xAxis": {
            "visible": true
          },
          "yAxes": []
        },
        "heatmapSettings": {
          "yAxis": "VALUE"
        },
        "thresholds": [
          {
            "axisTarget": "LEFT",
            "columnId": "",
            "rules": [
              {
                "color": "#7dc540"
              },
              {
                "color": "#f5d30f"
              },
              {
                "color": "#dc172a"
              }
            ],
            "queryId": "B",
            "visible": true
          }
        ],
        "tableSettings": {
          "isThresholdBackgroundAppliedToCell": false,
          "hiddenColumns": [
            "B:year.name",
            "B:month.name",
            "C:year.name",
            "C:month.name"
          ]
        },
        "graphChartSettings": {
          "connectNulls": false
        },
        "honeycombSettings": {
          "showHive": true,
          "showLegend": true,
          "showLabels": false
        }
      },
      "queriesSettings": {
        "resolution": ""
      },
      "metricExpressions": [
        "resolution=Inf&(incidents.seen:filter(and(or(in(\"dt.entity.custom_device\",entitySelector(\"type(custom_device),entityName.equals(~\"Insightify - $1~\")\"))))):sum:splitBy(year,month):sort(dimension(month,ascending)):limit(50)):names,(downtime:filter(and(or(in(\"dt.entity.custom_device\",entitySelector(\"type(custom_device),entityName.equals(~\"Insightify - TestDemo~\")\"))))):sum:splitBy(year,month):sort(dimension(month,ascending)):limit(50)):names"
      ]
    }
  ]
}
